Model,Task,Accuracy,Precision (Phishing),Recall (Phishing),F1-Score (Phishing),AUC,Avg_Pred_Time_ms
MTL_FTTransformer,Account,0.9129383313180169,0.8191126279863481,0.9266409266409267,0.8695652173913043,0.9643536897058024,0.0036899709790137606
MTL_FTTransformer,Transaction,0.7887498931785463,0.7189528148583848,0.9481337347655171,0.8177900752971061,0.9091678173080192,0.0025337340375913126
MTL_MLP,Account,0.9153567110036276,0.8118811881188119,0.9498069498069498,0.8754448398576512,0.9530595736581653,0.0005650120921703388
MTL_MLP,Transaction,0.8575034675887275,0.8355297253276079,0.8902459867737736,0.8620204579161442,0.9199129359874767,0.0003222513492431218
